USE [TeamHub.Database]

INSERT [dbo].[Location] ([Id], [Name], [TimeZone]) VALUES (N'cce0585e-7750-4b37-8b74-432702e67b6f', N'Sydney', N'AUS Eastern Standard Time')
INSERT [dbo].[Location] ([Id], [Name], [TimeZone]) VALUES (N'82d39fd5-658a-4bec-91d6-7fff16f072fc', N'Melbourne', N'AUS Eastern Standard Time')
INSERT [dbo].[Location] ([Id], [Name], [TimeZone]) VALUES (N'5efc6bce-f657-ea11-8344-a0afbd4321d8', N'Texas', N'Central Standard Time')
INSERT [dbo].[Location] ([Id], [Name], [TimeZone]) VALUES (N'80dc1565-f757-ea11-8344-a0afbd4321d8', N'Alpharetta', N'Eastern Standard Time')
INSERT [dbo].[Location] ([Id], [Name], [TimeZone]) VALUES (N'3bb83200-f756-44e7-af16-ad319dc77dff', N'Brisbane', N'AUS Eastern Standard Time')
INSERT [dbo].[Location] ([Id], [Name], [TimeZone]) VALUES (N'48e942c1-4b25-ea11-b9ca-d46d6dd8c6fa', N'Auckland', N'New Zealand Standard Time')
INSERT [dbo].[Location] ([Id], [Name], [TimeZone]) VALUES (N'49e942c1-4b25-ea11-b9ca-d46d6dd8c6fa', N'Pune', N'India Standard Time')
INSERT [dbo].[Location] ([Id], [Name], [TimeZone]) VALUES (N'4ae942c1-4b25-ea11-b9ca-d46d6dd8c6fa', N'Bangalore', N'India Standard Time')
INSERT [dbo].[Location] ([Id], [Name], [TimeZone]) VALUES (N'7c7db4b9-d9c4-4f54-8505-fb6f201f2d7a', N'Moscow', N'Russian Standard Time')

INSERT [dbo].[PublicHoliday] ([Id], [Date], [Description], [LocationId]) VALUES (N'8d06485f-8161-ea11-8348-a44cc80abe07', CAST(N'2021-01-26' AS Date), N'Republic Day', N'49e942c1-4b25-ea11-b9ca-d46d6dd8c6fa')
INSERT [dbo].[PublicHoliday] ([Id], [Date], [Description], [LocationId]) VALUES (N'25e5f872-8161-ea11-8348-a44cc80abe07', CAST(N'2021-02-21' AS Date), N'Maha Shivratri', N'49e942c1-4b25-ea11-b9ca-d46d6dd8c6fa')
INSERT [dbo].[PublicHoliday] ([Id], [Date], [Description], [LocationId]) VALUES (N'293f1d82-8161-ea11-8348-a44cc80abe07', CAST(N'2021-03-10' AS Date), N'Rangwali Holi', N'49e942c1-4b25-ea11-b9ca-d46d6dd8c6fa')
INSERT [dbo].[PublicHoliday] ([Id], [Date], [Description], [LocationId]) VALUES (N'd81f468a-8161-ea11-8348-a44cc80abe07', CAST(N'2021-03-25' AS Date), N'Gudi Padwa', N'49e942c1-4b25-ea11-b9ca-d46d6dd8c6fa')
INSERT [dbo].[PublicHoliday] ([Id], [Date], [Description], [LocationId]) VALUES (N'a20e00a2-8161-ea11-8348-a44cc80abe07', CAST(N'2021-03-26' AS Date), N'Cheti Chand', N'49e942c1-4b25-ea11-b9ca-d46d6dd8c6fa')
INSERT [dbo].[PublicHoliday] ([Id], [Date], [Description], [LocationId]) VALUES (N'7efd49a8-8161-ea11-8348-a44cc80abe07', CAST(N'2021-04-02' AS Date), N'Rama Navami', N'49e942c1-4b25-ea11-b9ca-d46d6dd8c6fa')
INSERT [dbo].[PublicHoliday] ([Id], [Date], [Description], [LocationId]) VALUES (N'366bf1b2-8161-ea11-8348-a44cc80abe07', CAST(N'2021-04-10' AS Date), N'od Friday', N'48e942c1-4b25-ea11-b9ca-d46d6dd8c6fa')
INSERT [dbo].[PublicHoliday] ([Id], [Date], [Description], [LocationId]) VALUES (N'0f224dbf-8161-ea11-8348-a44cc80abe07', CAST(N'2021-04-14' AS Date), N'Ambedkar Jayanti', N'49e942c1-4b25-ea11-b9ca-d46d6dd8c6fa')
INSERT [dbo].[PublicHoliday] ([Id], [Date], [Description], [LocationId]) VALUES (N'fd40cec8-8161-ea11-8348-a44cc80abe07', CAST(N'2021-05-01' AS Date), N'Maharashtra Day', N'49e942c1-4b25-ea11-b9ca-d46d6dd8c6fa')
INSERT [dbo].[PublicHoliday] ([Id], [Date], [Description], [LocationId]) VALUES (N'fe40cec8-8161-ea11-8348-a44cc80abe07', CAST(N'2021-05-07' AS Date), N'Vesak', N'49e942c1-4b25-ea11-b9ca-d46d6dd8c6fa')
INSERT [dbo].[PublicHoliday] ([Id], [Date], [Description], [LocationId]) VALUES (N'bfb679d6-8161-ea11-8348-a44cc80abe07', CAST(N'2021-05-24' AS Date), N'Eid al-Fitr', N'49e942c1-4b25-ea11-b9ca-d46d6dd8c6fa')
INSERT [dbo].[PublicHoliday] ([Id], [Date], [Description], [LocationId]) VALUES (N'eabaebe1-8161-ea11-8348-a44cc80abe07', CAST(N'2021-07-31' AS Date), N'Eid al-Adha', N'49e942c1-4b25-ea11-b9ca-d46d6dd8c6fa')
INSERT [dbo].[PublicHoliday] ([Id], [Date], [Description], [LocationId]) VALUES (N'd06794ea-8161-ea11-8348-a44cc80abe07', CAST(N'2021-08-15' AS Date), N'Indian Independence Day', N'49e942c1-4b25-ea11-b9ca-d46d6dd8c6fa')
INSERT [dbo].[PublicHoliday] ([Id], [Date], [Description], [LocationId]) VALUES (N'db3bf9f3-8161-ea11-8348-a44cc80abe07', CAST(N'2021-08-22' AS Date), N'Ganesh Chaturthi', N'49e942c1-4b25-ea11-b9ca-d46d6dd8c6fa')
INSERT [dbo].[PublicHoliday] ([Id], [Date], [Description], [LocationId]) VALUES (N'c7097b02-8261-ea11-8348-a44cc80abe07', CAST(N'2021-08-29' AS Date), N'Ashura', N'49e942c1-4b25-ea11-b9ca-d46d6dd8c6fa')
INSERT [dbo].[PublicHoliday] ([Id], [Date], [Description], [LocationId]) VALUES (N'4f187309-8261-ea11-8348-a44cc80abe07', CAST(N'2021-10-02' AS Date), N'Gandhi Jayanti', N'49e942c1-4b25-ea11-b9ca-d46d6dd8c6fa')
INSERT [dbo].[PublicHoliday] ([Id], [Date], [Description], [LocationId]) VALUES (N'32ba920f-8261-ea11-8348-a44cc80abe07', CAST(N'2021-10-25' AS Date), N'Dussehra', N'49e942c1-4b25-ea11-b9ca-d46d6dd8c6fa')
INSERT [dbo].[PublicHoliday] ([Id], [Date], [Description], [LocationId]) VALUES (N'bf24be19-8261-ea11-8348-a44cc80abe07', CAST(N'2021-10-29' AS Date), N'Prophet''s Birthday', N'49e942c1-4b25-ea11-b9ca-d46d6dd8c6fa')
INSERT [dbo].[PublicHoliday] ([Id], [Date], [Description], [LocationId]) VALUES (N'9a1fd029-8261-ea11-8348-a44cc80abe07', CAST(N'2021-11-14' AS Date), N'Diwali', N'49e942c1-4b25-ea11-b9ca-d46d6dd8c6fa')
INSERT [dbo].[PublicHoliday] ([Id], [Date], [Description], [LocationId]) VALUES (N'69740037-8261-ea11-8348-a44cc80abe07', CAST(N'2021-11-15' AS Date), N'Balipratipada', N'49e942c1-4b25-ea11-b9ca-d46d6dd8c6fa')
INSERT [dbo].[PublicHoliday] ([Id], [Date], [Description], [LocationId]) VALUES (N'8b6fc63f-8261-ea11-8348-a44cc80abe07', CAST(N'2021-11-16' AS Date), N'Bhai Dooj', N'49e942c1-4b25-ea11-b9ca-d46d6dd8c6fa')
INSERT [dbo].[PublicHoliday] ([Id], [Date], [Description], [LocationId]) VALUES (N'81faf446-8261-ea11-8348-a44cc80abe07', CAST(N'2021-11-30' AS Date), N'Guru Nanak Gurpurab', N'49e942c1-4b25-ea11-b9ca-d46d6dd8c6fa')
INSERT [dbo].[PublicHoliday] ([Id], [Date], [Description], [LocationId]) VALUES (N'd604a54e-8261-ea11-8348-a44cc80abe07', CAST(N'2021-12-25' AS Date), N'Christmas Day', N'48e942c1-4b25-ea11-b9ca-d46d6dd8c6fa')
INSERT [dbo].[PublicHoliday] ([Id], [Date], [Description], [LocationId]) VALUES (N'51b5d02b-e93e-ea11-b47c-d46d6dd8c6fa', CAST(N'2021-01-27' AS Date), N'Auckland Anniversary', N'48e942c1-4b25-ea11-b9ca-d46d6dd8c6fa')
INSERT [dbo].[PublicHoliday] ([Id], [Date], [Description], [LocationId]) VALUES (N'1ae84885-4c25-ea11-b9ca-d46d6dd8c6fa', CAST(N'2021-01-01' AS Date), N'New Year''s Day', N'48e942c1-4b25-ea11-b9ca-d46d6dd8c6fa')
INSERT [dbo].[PublicHoliday] ([Id], [Date], [Description], [LocationId]) VALUES (N'1be84885-4c25-ea11-b9ca-d46d6dd8c6fa', CAST(N'2021-01-02' AS Date), N'Day after New Year''s Day', N'48e942c1-4b25-ea11-b9ca-d46d6dd8c6fa')
INSERT [dbo].[PublicHoliday] ([Id], [Date], [Description], [LocationId]) VALUES (N'1ce84885-4c25-ea11-b9ca-d46d6dd8c6fa', CAST(N'2021-02-06' AS Date), N'Waitangi Day', N'48e942c1-4b25-ea11-b9ca-d46d6dd8c6fa')
INSERT [dbo].[PublicHoliday] ([Id], [Date], [Description], [LocationId]) VALUES (N'1de84885-4c25-ea11-b9ca-d46d6dd8c6fa', CAST(N'2021-04-10' AS Date), N'od Friday', N'48e942c1-4b25-ea11-b9ca-d46d6dd8c6fa')
INSERT [dbo].[PublicHoliday] ([Id], [Date], [Description], [LocationId]) VALUES (N'1ee84885-4c25-ea11-b9ca-d46d6dd8c6fa', CAST(N'2021-04-13' AS Date), N'Easter Monday', N'48e942c1-4b25-ea11-b9ca-d46d6dd8c6fa')
INSERT [dbo].[PublicHoliday] ([Id], [Date], [Description], [LocationId]) VALUES (N'1fe84885-4c25-ea11-b9ca-d46d6dd8c6fa', CAST(N'2021-04-27' AS Date), N'ANZAC Day', N'48e942c1-4b25-ea11-b9ca-d46d6dd8c6fa')
INSERT [dbo].[PublicHoliday] ([Id], [Date], [Description], [LocationId]) VALUES (N'20e84885-4c25-ea11-b9ca-d46d6dd8c6fa', CAST(N'2021-06-01' AS Date), N'Queen''s Birthday', N'48e942c1-4b25-ea11-b9ca-d46d6dd8c6fa')
INSERT [dbo].[PublicHoliday] ([Id], [Date], [Description], [LocationId]) VALUES (N'21e84885-4c25-ea11-b9ca-d46d6dd8c6fa', CAST(N'2021-10-20' AS Date), N'Labour Day', N'48e942c1-4b25-ea11-b9ca-d46d6dd8c6fa')
INSERT [dbo].[PublicHoliday] ([Id], [Date], [Description], [LocationId]) VALUES (N'22e84885-4c25-ea11-b9ca-d46d6dd8c6fa', CAST(N'2021-12-25' AS Date), N'Christmas Day', N'48e942c1-4b25-ea11-b9ca-d46d6dd8c6fa')
INSERT [dbo].[PublicHoliday] ([Id], [Date], [Description], [LocationId]) VALUES (N'23e84885-4c25-ea11-b9ca-d46d6dd8c6fa', CAST(N'2021-12-28' AS Date), N'Boxing Day', N'48e942c1-4b25-ea11-b9ca-d46d6dd8c6fa')

INSERT [dbo].[Specialization] ([Id], [Description], [ShortDescription]) VALUES (0, N'Developer', N'Dev')
INSERT [dbo].[Specialization] ([Id], [Description], [ShortDescription]) VALUES (1, N'Tester', N'QA')
INSERT [dbo].[Specialization] ([Id], [Description], [ShortDescription]) VALUES (2, N'Business Analyst', N'BA')
INSERT [dbo].[Specialization] ([Id], [Description], [ShortDescription]) VALUES (3, N'Product Owner', N'PO')
INSERT [dbo].[Specialization] ([Id], [Description], [ShortDescription]) VALUES (4, N'Database Administrator', N'DBA')
INSERT [dbo].[Specialization] ([Id], [Description], [ShortDescription]) VALUES (5, N'Team Lead', N'TML')
INSERT [dbo].[Specialization] ([Id], [Description], [ShortDescription]) VALUES (6, N'Tech Lead', N'THL')
INSERT [dbo].[Specialization] ([Id], [Description], [ShortDescription]) VALUES (7, N'UX Designer', N'UXD')

INSERT [dbo].[Employee] ([Id], [SpecializationId], [Name], [Email], [HoursPerDay], [LocationId], [ReportsTo]) VALUES (N'552886f9-3557-ea11-8344-a0afbd4321d8', 0, N'Developer D', N'devD@company.com', 8, N'cce0585e-7750-4b37-8b74-432702e67b6f', N'f8842924-4d25-ea11-b9ca-d46d6dd8c6fa')
INSERT [dbo].[Employee] ([Id], [SpecializationId], [Name], [Email], [HoursPerDay], [LocationId], [ReportsTo]) VALUES (N'e50d3f43-cc59-ea11-8345-a44cc80abe07', 0, N'Developer F', N'devF@company.com', 8, N'80dc1565-f757-ea11-8344-a0afbd4321d8', N'f8842924-4d25-ea11-b9ca-d46d6dd8c6fa')
INSERT [dbo].[Employee] ([Id], [SpecializationId], [Name], [Email], [HoursPerDay], [LocationId], [ReportsTo]) VALUES (N'f4842924-4d25-ea11-b9ca-d46d6dd8c6fa', 0, N'Developer A ', N'devA@company.com', 8, N'cce0585e-7750-4b37-8b74-432702e67b6f', N'f8842924-4d25-ea11-b9ca-d46d6dd8c6fa')
INSERT [dbo].[Employee] ([Id], [SpecializationId], [Name], [Email], [HoursPerDay], [LocationId], [ReportsTo]) VALUES (N'f8842924-4d25-ea11-b9ca-d46d6dd8c6fa', 5, N'Team Lead A', N'teamlead@company.com', 8, N'3bb83200-f756-44e7-af16-ad319dc77dff', NULL)
INSERT [dbo].[Employee] ([Id], [SpecializationId], [Name], [Email], [HoursPerDay], [LocationId], [ReportsTo]) VALUES (N'f9842924-4d25-ea11-b9ca-d46d6dd8c6fa', 0, N'Developer B', N'devB@company.com', 8, N'cce0585e-7750-4b37-8b74-432702e67b6f', N'f8842924-4d25-ea11-b9ca-d46d6dd8c6fa')
INSERT [dbo].[Employee] ([Id], [SpecializationId], [Name], [Email], [HoursPerDay], [LocationId], [ReportsTo]) VALUES (N'fa842924-4d25-ea11-b9ca-d46d6dd8c6fa', 0, N'Developer C', N'devC@company.com', 8, N'49e942c1-4b25-ea11-b9ca-d46d6dd8c6fa', N'f8842924-4d25-ea11-b9ca-d46d6dd8c6fa')
INSERT [dbo].[Employee] ([Id], [SpecializationId], [Name], [Email], [HoursPerDay], [LocationId], [ReportsTo]) VALUES (N'fc842924-4d25-ea11-b9ca-d46d6dd8c6fa', 0, N'Developer E', N'devE@company.com', 8, N'49e942c1-4b25-ea11-b9ca-d46d6dd8c6fa', N'f8842924-4d25-ea11-b9ca-d46d6dd8c6fa')

INSERT [dbo].[Team] ([Id], [Name]) VALUES (N'e8497453-d051-4ced-88ba-0c7d508a1005', N'Team B')
INSERT [dbo].[Team] ([Id], [Name]) VALUES (N'702befab-6276-4e5a-a62d-5e4dfef2f0be', N'Team A')
INSERT [dbo].[Team] ([Id], [Name]) VALUES (N'db489cfa-2674-4b03-8327-7ce75f08c4f2', N'Team C')

INSERT [dbo].[TimeboxType] ([Id], [Description]) VALUES (0, N'Spikes')
INSERT [dbo].[TimeboxType] ([Id], [Description]) VALUES (1, N'Defects')
INSERT [dbo].[TimeboxType] ([Id], [Description]) VALUES (2, N'Training')
INSERT [dbo].[TimeboxType] ([Id], [Description]) VALUES (3, N'Production Support')
INSERT [dbo].[TimeboxType] ([Id], [Description]) VALUES (4, N'Cross Team Support')
INSERT [dbo].[TimeboxType] ([Id], [Description]) VALUES (5, N'DevOps')
INSERT [dbo].[TimeboxType] ([Id], [Description]) VALUES (6, N'Agile Ceremonies')
INSERT [dbo].[TimeboxType] ([Id], [Description]) VALUES (7, N'Meetings')

INSERT [dbo].[LeaveType] ([Id], [Description]) VALUES (0, N'Holiday')
INSERT [dbo].[LeaveType] ([Id], [Description]) VALUES (1, N'Sick Leave')
INSERT [dbo].[LeaveType] ([Id], [Description]) VALUES (2, N'Time in lieu')
INSERT [dbo].[LeaveType] ([Id], [Description]) VALUES (3, N'Other')

INSERT [dbo].[Transfer] ([Id], [FromTeamId], [ToTeamId], [EmployeeId], [Date]) VALUES (N'ad7093a6-5db9-ec11-a540-a4b1c1b40621', NULL, N'702befab-6276-4e5a-a62d-5e4dfef2f0be', N'552886f9-3557-ea11-8344-a0afbd4321d8', CAST(N'2022-04-11' AS Date))

